packet_hex,packet_parsed,response,address,created_at,error,partition_0
5555008a214d026030383634333431303531383739323535bb8af9d0bed517eb2f0eb7c91a1a293ce48c814ebdacd81f9343f6ce10629129cce1fb2a70a8ed508cb2eb09b6be2f17ece69ea4e8d27c3e4129c4ae93d08b2f8a5d2c8c28024ab1c53f8cace68ed2f11d9fcf0832fe25e13c462b930d3f363c91907b5c2a1fd12c62d0054bac36f4d4aaaa,"{messagelength=138, protocolversion=214d, encryption=02, reserved=null, deviceid=864341051879255, frametype=3, framenumber=72, datalength=102, framestring=publish, rawdata=030167f69e6d0167f69e6d3c4f8e83d3f536a94c00000000c007000000020002590000008d04e60930ffff00500bb8008e20c800000000000000000000047f0000080fffffffffff000000004b00000000010733313003343130000022850290581013f63301, checksum=74bb2001, data={messagetype=3, messagestring=vehicle, messagesubtype=1, time=1744215661, messagesubstring=dataflow, datanumber=1, position={time=1744215661, source=GPS, validity=0, longitudetype=west, latitudetype=north, numberofsatellites=4, height=183, longitude=86.39477, latitude=35.82284, gpsspeed=0.0, heading=0, pdop=1.2, hdop=0.7, vdop=0.0, hacc=2}, rpm=601, speed=0, coolanttemperature=101, throttleposition=125.4, engineduty=235.2, intakeairflow=null, intakeairtemperature=40, intakeairpressure=3000, batteryvoltage=14.2, fuellevelinput=8392, distancesincedtc=0, mil=0000, totalmileage=0, totalfuelconsumption=1151, totaldrivingtime=2063, seatbeltstatus=0, odometer=75, averagefuelconsumption=0, odometerunit=1, type=null, obdcount=null, obdcodes=null, ignitionontime=null, ignitiononposition=null, ignitionofftime=null, ignitionoffposition=null, distancesource=null, distance=null, fuelconsumption=null, maximumspeed=null, idletime=null, idlefuelconsumption=null, rapidaccelerationcount=null, rapiddecelerationcount=null, sharpturncount=null, hardwareversion=null, softwareversion=null, modemversion=null, value=null, speedbefore=null, speedafter=null, eventtime=null, eventtimems=null, collectiontime=null, collectiontimems=null, timeinterval=null, state=null, datacount=null, data=null, turn=null, longitudetype=null, longitude=null, latitudetype=null, latitude=null, protocol=null, length=null, vin=null, powerofftime=null, cellnumber=null, iccid=null, imsi=null, wifimac=null, bluetoothmac=null, ignitionstate=null, smstime=null, encoding=null, message=null, messageincomplete=null, force=null, messagesubtring=null, params=null, gear=null, motorspeed=null, batterypackcurrent=null, batterypackvoltage=null, wheelspeedfrontleft=null, wheelspeedrearleft=null, wheelspeedfrontright=null, wheelspeedrearright=null, stateofcharge=null, chargeminutesremaining=null, steerangle=null, highbeamstatus=null, turnsignalleft=null, turnsignalright=null, tirepressurefrontleft=null, tirepressurerearleft=null, tirepressurefrontright=null, tirepressurerearright=null, parkingbrakestatus=null, doorstatusdriver=null, doorstatuspassenger=null, trunkstatus=null, stateofhealth=null, seatbeltstatusdriver=null, seatbeltstatuspassenger=null, filename=null, filestartposition=null, requestlength=null, namelength=null, status=null, act=7, mcc=310, mnc=410, tac=8837, cellid=43014160, earfcn=5110, rssi=51, registrationstatus=1, batteryvoltagehires=null}, protocolsemver=2.5.13, workmode=null, diagnostics=0110000000110000}",5555002a214d02000038363433343130353138373932353525f5f25d50c1ef634ba6f87b89193a5aaaaa,10.1.133.76:10000,1744215665,,2025-04-09
5555005a214e026030383634333431303531383733393835fe735a57cdf57e31524fc3cce12abb6e5ecc2ed1899f315e9edfb721b1967eb3a5295667ee0fe31728f7e7642ddd6190125d7dcb52d5bda7d58d3ffc02bf90d8aaaa,"{messagelength=90, protocolversion=214e, encryption=02, reserved=null, deviceid=864341051873985, frametype=3, framenumber=3, datalength=49, framestring=publish, rawdata=030067f9a1b9991131433453444a435434534335313134383067f9a1ba384fac83d3d936a96a00010201100a0000000500, checksum=d6d913b8, data={messagetype=3, messagestring=vehicle, messagesubtype=0, time=1744413113, messagesubstring=vin, datanumber=null, position={time=1744413114, source=GPS, validity=0, longitudetype=west, latitudetype=north, numberofsatellites=0, height=198, longitude=86.39449, latitude=35.82314, gpsspeed=0.0, heading=258, pdop=1.7, hdop=1.0, vdop=0.0, hacc=5}, rpm=null, speed=null, coolanttemperature=null, throttleposition=null, engineduty=null, intakeairflow=null, intakeairtemperature=null, intakeairpressure=null, batteryvoltage=null, fuellevelinput=null, distancesincedtc=null, mil=null, totalmileage=null, totalfuelconsumption=null, totaldrivingtime=null, seatbeltstatus=null, odometer=null, averagefuelconsumption=null, odometerunit=null, type=null, obdcount=null, obdcodes=null, ignitionontime=null, ignitiononposition=null, ignitionofftime=null, ignitionoffposition=null, distancesource=null, distance=null, fuelconsumption=null, maximumspeed=null, idletime=null, idlefuelconsumption=null, rapidaccelerationcount=null, rapiddecelerationcount=null, sharpturncount=null, hardwareversion=null, softwareversion=null, modemversion=null, value=null, speedbefore=null, speedafter=null, eventtime=null, eventtimems=null, collectiontime=null, collectiontimems=null, timeinterval=null, state=null, datacount=null, data=null, turn=null, longitudetype=null, longitude=null, latitudetype=null, latitude=null, protocol=99, length=17, vin=1C4SDJCT4SC511480, powerofftime=null, cellnumber=null, iccid=null, imsi=null, wifimac=null, bluetoothmac=null, ignitionstate=null, smstime=null, encoding=null, message=null, messageincomplete=null, force=null, messagesubtring=null, params=null, gear=null, motorspeed=null, batterypackcurrent=null, batterypackvoltage=null, wheelspeedfrontleft=null, wheelspeedrearleft=null, wheelspeedfrontright=null, wheelspeedrearright=null, stateofcharge=null, chargeminutesremaining=null, steerangle=null, highbeamstatus=null, turnsignalleft=null, turnsignalright=null, tirepressurefrontleft=null, tirepressurerearleft=null, tirepressurefrontright=null, tirepressurerearright=null, parkingbrakestatus=null, doorstatusdriver=null, doorstatuspassenger=null, trunkstatus=null, stateofhealth=null, seatbeltstatusdriver=null, seatbeltstatuspassenger=null, filename=null, filestartposition=null, requestlength=null, namelength=null, status=null, act=null, mcc=null, mnc=null, tac=null, cellid=null, earfcn=null, rssi=null, registrationstatus=null, batteryvoltagehires=null}, protocolsemver=2.5.14, workmode=null, diagnostics=0110000000110000}",5555002a214e02000038363433343130353138373339383567d1f36283ee365a60bff3bda9288e8faaaa,10.1.120.206:10000,1744413146,,2025-04-11
5555005a214d023000383634333431303531393332313230c221fa659c3ab28e189461b0539b19cb4a4e4971a836d75cb9471794b4d55370ffdf747a9db0fe8aca85e5abe07ec2a83338c5745db6306a4cba79d1d94f535eaaaa,"{messagelength=90, protocolversion=214d, encryption=02, reserved=null, deviceid=864341051932120, frametype=3, framenumber=35, datalength=53, framestring=publish, rawdata=f00167f5a32728464f54415f4d43555f4879627269645f474432303156312e312e3142343654303231382e6c7072630001dcf40294, checksum=0cf21598, data={messagetype=240, messagestring=deviceRequest, messagesubtype=1, time=1744151335, messagesubstring=update, datanumber=null, position=null, rpm=null, speed=null, coolanttemperature=null, throttleposition=null, engineduty=null, intakeairflow=null, intakeairtemperature=null, intakeairpressure=null, batteryvoltage=null, fuellevelinput=null, distancesincedtc=null, mil=null, totalmileage=null, totalfuelconsumption=null, totaldrivingtime=null, seatbeltstatus=null, odometer=null, averagefuelconsumption=null, odometerunit=null, type=null, obdcount=null, obdcodes=null, ignitionontime=null, ignitiononposition=null, ignitionofftime=null, ignitionoffposition=null, distancesource=null, distance=null, fuelconsumption=null, maximumspeed=null, idletime=null, idlefuelconsumption=null, rapidaccelerationcount=null, rapiddecelerationcount=null, sharpturncount=null, hardwareversion=null, softwareversion=null, modemversion=null, value=null, speedbefore=null, speedafter=null, eventtime=null, eventtimems=null, collectiontime=null, collectiontimems=null, timeinterval=null, state=null, datacount=null, data=null, turn=null, longitudetype=null, longitude=null, latitudetype=null, latitude=null, protocol=null, length=null, vin=null, powerofftime=null, cellnumber=null, iccid=null, imsi=null, wifimac=null, bluetoothmac=null, ignitionstate=null, smstime=null, encoding=null, message=null, messageincomplete=null, force=null, messagesubtring=null, params=null, gear=null, motorspeed=null, batterypackcurrent=null, batterypackvoltage=null, wheelspeedfrontleft=null, wheelspeedrearleft=null, wheelspeedfrontright=null, wheelspeedrearright=null, stateofcharge=null, chargeminutesremaining=null, steerangle=null, highbeamstatus=null, turnsignalleft=null, turnsignalright=null, tirepressurefrontleft=null, tirepressurerearleft=null, tirepressurefrontright=null, tirepressurerearright=null, parkingbrakestatus=null, doorstatusdriver=null, doorstatuspassenger=null, trunkstatus=null, stateofhealth=null, seatbeltstatusdriver=null, seatbeltstatuspassenger=null, filename=FOTA_MCU_Hybrid_GD201V1.1.1B46T0218.lprc, filestartposition=122100, requestlength=660, namelength=null, status=null, act=null, mcc=null, mnc=null, tac=null, cellid=null, earfcn=null, rssi=null, registrationstatus=null, batteryvoltagehires=null}, protocolsemver=2.5.13, workmode=null, diagnostics=0011000000000000}",555502ca214d020000383634333431303531393332313230ee6e27f24c98116114b0cff14583b1863fd482ac1f8884e9de55a816a79c90ddefab010e6798feecc024f1a308e68385074a67d2dac19a910b1b8f07f5793eeb56b4b299ce636d4ac9e1fff111a933b5ff68d67fe36548508a2cb068d86ce374b689214c68310b37ac650abd58ca4e920d6482597cf4f9a392411f4b4c925ec7121a15dd7e098d3423d7c61b0c79386755f48e99dc4faf15993f3c70cd05a837ad1edec638bbeaae94593bdd1f710eea3d6d790ca87ccdbb8eb776b02a1de33612861ab404152536041b77ba63a6087c0d4afc146bbc99ae72013d40f5650f550dfb87526755862859608745419d8762f0fdab6e135805b66b6506cfbb81ed04a373a5fd42062b934c356b8736ba70c8f70b1dbb529812f57fbc1f0724f77bc042efe0c415627b206efadb95110106a0923c0b04e92e23653964e8d8e0ebb22cc36ad0c82b67e5be7b5532859c481341dcf698fdb1d3b1bdcae8ade36f9148c14e771f311cd5a3afb99f93faa42fad83d35d32cb41e25d48a395ef6c2afabeb36b36947962657984fac2436bdb4c3ea604c47b82d96e3a0c15f7b77760ffc2820c2db7e00412f86f7c44358f426e9b9b3a750ab952000a04e95fcf55e288ce8ec1e1f6d79936be6e8af1eb69103eae2fdb5f39884b80d195279bc8c8a103cf3b7c05fde808a783abd6b2a00032ec538c07768681b5493b9afc505dd8c6d64a51b3036783bbfc7905f7dcdc26d7dfebb7e1954fca44cbfdfda9cf57e5fceb9ca7bf603b0c840a7834039b0ab02f51ad48394c14477d50279cd0dc9c3fa3d0441d056120e9e161f97632eafa9a86034ba6699190529647afc0248f26fcc7d7e8dce2cb1f8602bb8cdbd225f0655828e97a62b8fd6204722ae6e7f742984da7eed8246d80f2edb04e3a8655b7468ff271794472a05f0d1745bbd11c95c7c2b529332391e1bdd534915a6c3ee0f5eab7e8bfaaaa,10.1.121.147:10000,1744151336,,2025-04-08
5555003a214e027030383634333431303531373533313739848796c2a82614a9992ccdbb62f094c7ba722419f4868f6960370bf43e1879a0aaaa,"{messagelength=58, protocolversion=214e, encryption=02, reserved=null, deviceid=864341051753179, frametype=3, framenumber=14, datalength=9, framestring=publish, rawdata=041167f989be010001, checksum=7d6c0734, data={messagetype=4, messagestring=device, messagesubtype=17, time=1744406974, messagesubstring=workmodeSwitch, datanumber=null, position=null, rpm=null, speed=null, coolanttemperature=null, throttleposition=null, engineduty=null, intakeairflow=null, intakeairtemperature=null, intakeairpressure=null, batteryvoltage=null, fuellevelinput=null, distancesincedtc=null, mil=null, totalmileage=null, totalfuelconsumption=null, totaldrivingtime=null, seatbeltstatus=null, odometer=null, averagefuelconsumption=null, odometerunit=null, type=1, obdcount=null, obdcodes=null, ignitionontime=null, ignitiononposition=null, ignitionofftime=null, ignitionoffposition=null, distancesource=null, distance=null, fuelconsumption=null, maximumspeed=null, idletime=null, idlefuelconsumption=null, rapidaccelerationcount=null, rapiddecelerationcount=null, sharpturncount=null, hardwareversion=null, softwareversion=null, modemversion=null, value=null, speedbefore=null, speedafter=null, eventtime=null, eventtimems=null, collectiontime=null, collectiontimems=null, timeinterval=null, state=null, datacount=null, data=null, turn=null, longitudetype=null, longitude=null, latitudetype=null, latitude=null, protocol=null, length=null, vin=null, powerofftime=null, cellnumber=null, iccid=null, imsi=null, wifimac=null, bluetoothmac=null, ignitionstate=null, smstime=null, encoding=null, message=null, messageincomplete=null, force=null, messagesubtring=null, params=null, gear=null, motorspeed=null, batterypackcurrent=null, batterypackvoltage=null, wheelspeedfrontleft=null, wheelspeedrearleft=null, wheelspeedfrontright=null, wheelspeedrearright=null, stateofcharge=null, chargeminutesremaining=null, steerangle=null, highbeamstatus=null, turnsignalleft=null, turnsignalright=null, tirepressurefrontleft=null, tirepressurerearleft=null, tirepressurefrontright=null, tirepressurerearright=null, parkingbrakestatus=null, doorstatusdriver=null, doorstatuspassenger=null, trunkstatus=null, stateofhealth=null, seatbeltstatusdriver=null, seatbeltstatuspassenger=null, filename=null, filestartposition=null, requestlength=null, namelength=null, status=null, act=null, mcc=null, mnc=null, tac=null, cellid=null, earfcn=null, rssi=null, registrationstatus=null, batteryvoltagehires=null}, protocolsemver=2.5.14, workmode=null, diagnostics=0111000000110000}",5555002a214e020000383634333431303531373533313739ea1e7c12851517c58d7dc8c1fc8a6fe5aaaa,10.1.208.34:10000,1744406979,,2025-04-11
5555005a100c02f0303836343334313035313935393738343f39be82d1adc9801c3f483b2aee47f64237a9902a3732a0eaeceea8e356daa9e17486749def736502e1ff0f60748ec727ab330f1aa9040963aba65c892895eaaaaa,"{messagelength=90, protocolversion=100c, encryption=02, reserved=null, deviceid=864341051959784, frametype=3, framenumber=317, datalength=53, framestring=publish, rawdata=f00167f6f91328464f54415f4d43555f4879627269645f474432303156312e312e3142343654303231382e6c707263000321cc0294, checksum=4fc015cc, data={messagetype=240, messagestring=deviceRequest, messagesubtype=1, time=1744238867, messagesubstring=update, datanumber=null, position=null, rpm=null, speed=null, coolanttemperature=null, throttleposition=null, engineduty=null, intakeairflow=null, intakeairtemperature=null, intakeairpressure=null, batteryvoltage=null, fuellevelinput=null, distancesincedtc=null, mil=null, totalmileage=null, totalfuelconsumption=null, totaldrivingtime=null, seatbeltstatus=null, odometer=null, averagefuelconsumption=null, odometerunit=null, type=null, obdcount=null, obdcodes=null, ignitionontime=null, ignitiononposition=null, ignitionofftime=null, ignitionoffposition=null, distancesource=null, distance=null, fuelconsumption=null, maximumspeed=null, idletime=null, idlefuelconsumption=null, rapidaccelerationcount=null, rapiddecelerationcount=null, sharpturncount=null, hardwareversion=null, softwareversion=null, modemversion=null, value=null, speedbefore=null, speedafter=null, eventtime=null, eventtimems=null, collectiontime=null, collectiontimems=null, timeinterval=null, state=null, datacount=null, data=null, turn=null, longitudetype=null, longitude=null, latitudetype=null, latitude=null, protocol=null, length=null, vin=null, powerofftime=null, cellnumber=null, iccid=null, imsi=null, wifimac=null, bluetoothmac=null, ignitionstate=null, smstime=null, encoding=null, message=null, messageincomplete=null, force=null, messagesubtring=null, params=null, gear=null, motorspeed=null, batterypackcurrent=null, batterypackvoltage=null, wheelspeedfrontleft=null, wheelspeedrearleft=null, wheelspeedfrontright=null, wheelspeedrearright=null, stateofcharge=null, chargeminutesremaining=null, steerangle=null, highbeamstatus=null, turnsignalleft=null, turnsignalright=null, tirepressurefrontleft=null, tirepressurerearleft=null, tirepressurefrontright=null, tirepressurerearright=null, parkingbrakestatus=null, doorstatusdriver=null, doorstatuspassenger=null, trunkstatus=null, stateofhealth=null, seatbeltstatusdriver=null, seatbeltstatuspassenger=null, filename=FOTA_MCU_Hybrid_GD201V1.1.1B46T0218.lprc, filestartposition=205260, requestlength=660, namelength=null, status=null, act=null, mcc=null, mnc=null, tac=null, cellid=null, earfcn=null, rssi=null, registrationstatus=null, batteryvoltagehires=null}, protocolsemver=1.0.12, workmode=null, diagnostics=1111000000110000}",555502ca100c02000038363433343130353139353937383459c8358251b5ba95d9e4d8633217d2df3742a6ae7d6c4ff05d46e49f372131c6b7a299ebeb786acc66bd9a264de54c0fec4a8908fdee47ca5b1bb17f7755a8e23bf8ff262be5daccf0e88f972b792b2b6063ca1a08ec1fec871602934ffe0007f9b1d91988ad3d19f22caa81fc7d7a641369c59799b253258ae915c9a83b4b343c9b0760becfcc956c931e5a84d70df07f217b86302cdbafcdf5be7251b758540b712ecd4f2928ee0f66857cb7295b6bd4f8ae6bcc03afed3208ea92cab2375f2e4c3c1653d14eae08d5c88abe69c901e0d92056c3a2cc091c6da660b9b2eac4c3539ca7a4bd69dccaedf0d6bcf9c59ec953ca1631df7860be4e326ff2de926563103066e752cc1aa87d5d058de44771b8020a4bdc22ae4ff1a9c9261d75ed6797fccca66996346b91ecbd68b5b1ef6baf86456aff1de15e180b20999889d34f57ba3e6b36e2d280dccf5d21e0037f18efd59f906b46b58d41eacf4892a47b7f9fd9d6dd4be569d59f9afb298436221d221393d987ef9641853c210c88c05a937f1d71428c3f6adc7d5a2169a14bbe2afe85bc9256c0abddd3f1ee033c82b45053c8b0644da393f2f4c0a71dd941b2d57ee15162b03386672aaf653a4059f3709d27bfeb80dfbf7bd3f846c43f1a8de1356ddbe41a9f686706259ab3136c966f422ebec789a8a1d6397ba8aa8e4a2948f01da1c60dce260e23a1da682fbe661ff4a235fee4c364392ffbb22ec69862fd485a4a53a4b4c8a852b7562c7bae270e6ee5a7cde91b9474c6373e0b171dda292b99557d6e598013193f6392745549310ad3c55ca9971c6892ab11f6770429affa5c0a33ff9771148c458695d66d1cfe49d8a49d52ab08e7d3a9fd79e702ccd11b29ba84a0b0d7b2ee524900e71ecaa3f218c285630ddd187e39f16c9d3d354bf1e0b1481610ad754db67eecca27e7fc9a22e28c08493ce36292f44d750eefebaaaa,10.1.135.149:10000,1744238869,,2025-04-09
5555005a214d023000383634333431303531393434323430dc01530f8007b05e714f1e68c1d5906de9c6e41a2c0c8022253b18962fe922bf7dd496a1a65bd919db8205301c9f64e5141f13648dd3a8c83fa352cbd11033bdaaaa,"{messagelength=90, protocolversion=214d, encryption=02, reserved=null, deviceid=864341051944240, frametype=3, framenumber=140, datalength=53, framestring=publish, rawdata=f00167f58a9228464f54415f4d43555f4879627269645f474432303156312e312e3142343654303231382e6c707263000159780294, checksum=3121155a, data={messagetype=240, messagestring=deviceRequest, messagesubtype=1, time=1744145042, messagesubstring=update, datanumber=null, position=null, rpm=null, speed=null, coolanttemperature=null, throttleposition=null, engineduty=null, intakeairflow=null, intakeairtemperature=null, intakeairpressure=null, batteryvoltage=null, fuellevelinput=null, distancesincedtc=null, mil=null, totalmileage=null, totalfuelconsumption=null, totaldrivingtime=null, seatbeltstatus=null, odometer=null, averagefuelconsumption=null, odometerunit=null, type=null, obdcount=null, obdcodes=null, ignitionontime=null, ignitiononposition=null, ignitionofftime=null, ignitionoffposition=null, distancesource=null, distance=null, fuelconsumption=null, maximumspeed=null, idletime=null, idlefuelconsumption=null, rapidaccelerationcount=null, rapiddecelerationcount=null, sharpturncount=null, hardwareversion=null, softwareversion=null, modemversion=null, value=null, speedbefore=null, speedafter=null, eventtime=null, eventtimems=null, collectiontime=null, collectiontimems=null, timeinterval=null, state=null, datacount=null, data=null, turn=null, longitudetype=null, longitude=null, latitudetype=null, latitude=null, protocol=null, length=null, vin=null, powerofftime=null, cellnumber=null, iccid=null, imsi=null, wifimac=null, bluetoothmac=null, ignitionstate=null, smstime=null, encoding=null, message=null, messageincomplete=null, force=null, messagesubtring=null, params=null, gear=null, motorspeed=null, batterypackcurrent=null, batterypackvoltage=null, wheelspeedfrontleft=null, wheelspeedrearleft=null, wheelspeedfrontright=null, wheelspeedrearright=null, stateofcharge=null, chargeminutesremaining=null, steerangle=null, highbeamstatus=null, turnsignalleft=null, turnsignalright=null, tirepressurefrontleft=null, tirepressurerearleft=null, tirepressurefrontright=null, tirepressurerearright=null, parkingbrakestatus=null, doorstatusdriver=null, doorstatuspassenger=null, trunkstatus=null, stateofhealth=null, seatbeltstatusdriver=null, seatbeltstatuspassenger=null, filename=FOTA_MCU_Hybrid_GD201V1.1.1B46T0218.lprc, filestartposition=88440, requestlength=660, namelength=null, status=null, act=null, mcc=null, mnc=null, tac=null, cellid=null, earfcn=null, rssi=null, registrationstatus=null, batteryvoltagehires=null}, protocolsemver=2.5.13, workmode=null, diagnostics=0011000000000000}",555502ca214d020000383634333431303531393434323430eedfcd05ab78807fbec0ce19ac59b31e10ce64ac726f1893d36f24a3f5da4d616136e02765cc7237e76fe1bb5fcb1876a46e8f90e1469b88643b39ae7f11a4d62b0db0ca962ae30b3deaa5c4b2b9fc7be2e30d7df2906e580d8b9ec26178bac0455e0d6e79269786e55af6116c94fd46b65366462b338949316a74b367000f6392e85a5cb8d9862f93398b24d37262b1b192e66313bc3773283515e1b54f635b798145c5b2d31657074e319d0234d604a80938ff623ebb37057dd34e555325c3c1d5febd222cea2ec5ddc0565e0948975c932ef906470d191d9d6601152c8ddd06d39bcb70bf16f56f6c1a1cf994919240e11c7e596672740ffce3e01ea634fafed8cf2f95197e7c34590e726f61f8cd29f00b1eea59635d5c93f57a2f7d5a92968ab8ef2c5c82ec48621a55368c61ba503be08bcc843908e6fabf52c2bf95a518955a41de502835777b184e880af92dd484e624b7f8cf2e5a6c869ff4955228e0c884daf966efbb959dd03662a1ba4111c811eccbcaf68b81ccc183cd2328c98ecf7a33797e1dc1e2168e6dc378be1f9bccc33e3501b99f9715c8d5d354a26d08d9958b4b41953ef1fc6f317864de667d360cbd4867476aae4d44001aac80f5ed89f999cff00b6ce8113852706b672431d58596ebce51c8732248fa3e15a2bd054c9d56b59c979a4e54d0f21894004d705ca222f86fc8ed7ac83ae579ed1534e32b1f59867c53e5131320d3960b627c4a8f94f1cee94ba8ab7bd2e4af2f634c872466d3872c5634e7319ffbe3fbe3e9e4747282b634803b2b37dc9fabe02cb590825178296fce3f80dd0ce03e3c60753a601922e289ba6f1673f73a62d3e256113dafea4f833cd97d842aca6ee5dfc67895d0fe4d082976e9346d6bb42e6ae125754333a76db8206c00069ef87f8f54f987f4f501fce8c3dedc9db0b95b43fa432708a36fda1c0b4960065865b700f7aaaa,10.1.136.82:10000,1744145044,,2025-04-08
5555005a214702ad03383634333431303531383830373538e054f20581ac69f8449db30d37f4fea8dc3f9cb5188e3f8756d9beb12948ee28f61c9fc9f46aa5517d91ab12216e744a0a265a56d7e3454eabb3423e2a8e4685aaaa,"{messagelength=90, protocolversion=2147, encryption=02, reserved=null, deviceid=864341051880758, frametype=3, framenumber=116, datalength=53, framestring=publish, rawdata=f00167f7dc5228464f54415f4d43555f4879627269645f474432303156312e312e3142343654303231382e6c70726300010c200294, checksum=54731538, data={messagetype=240, messagestring=deviceRequest, messagesubtype=1, time=1744297042, messagesubstring=update, datanumber=null, position=null, rpm=null, speed=null, coolanttemperature=null, throttleposition=null, engineduty=null, intakeairflow=null, intakeairtemperature=null, intakeairpressure=null, batteryvoltage=null, fuellevelinput=null, distancesincedtc=null, mil=null, totalmileage=null, totalfuelconsumption=null, totaldrivingtime=null, seatbeltstatus=null, odometer=null, averagefuelconsumption=null, odometerunit=null, type=null, obdcount=null, obdcodes=null, ignitionontime=null, ignitiononposition=null, ignitionofftime=null, ignitionoffposition=null, distancesource=null, distance=null, fuelconsumption=null, maximumspeed=null, idletime=null, idlefuelconsumption=null, rapidaccelerationcount=null, rapiddecelerationcount=null, sharpturncount=null, hardwareversion=null, softwareversion=null, modemversion=null, value=null, speedbefore=null, speedafter=null, eventtime=null, eventtimems=null, collectiontime=null, collectiontimems=null, timeinterval=null, state=null, datacount=null, data=null, turn=null, longitudetype=null, longitude=null, latitudetype=null, latitude=null, protocol=null, length=null, vin=null, powerofftime=null, cellnumber=null, iccid=null, imsi=null, wifimac=null, bluetoothmac=null, ignitionstate=null, smstime=null, encoding=null, message=null, messageincomplete=null, force=null, messagesubtring=null, params=null, gear=null, motorspeed=null, batterypackcurrent=null, batterypackvoltage=null, wheelspeedfrontleft=null, wheelspeedrearleft=null, wheelspeedfrontright=null, wheelspeedrearright=null, stateofcharge=null, chargeminutesremaining=null, steerangle=null, highbeamstatus=null, turnsignalleft=null, turnsignalright=null, tirepressurefrontleft=null, tirepressurerearleft=null, tirepressurefrontright=null, tirepressurerearright=null, parkingbrakestatus=null, doorstatusdriver=null, doorstatuspassenger=null, trunkstatus=null, stateofhealth=null, seatbeltstatusdriver=null, seatbeltstatuspassenger=null, filename=FOTA_MCU_Hybrid_GD201V1.1.1B46T0218.lprc, filestartposition=68640, requestlength=660, namelength=null, status=null, act=null, mcc=null, mnc=null, tac=null, cellid=null, earfcn=null, rssi=null, registrationstatus=null, batteryvoltagehires=null}, protocolsemver=2.5.7, workmode=null, diagnostics=1010110100000011}",555502ca21470200003836343334313035313838303735382d84baf3419a429feee32b72aec263274193f5b45f429e617a0a3460281b3e4084c9646eca2bd630e3bc80768593b651a31bde6bab05974ad9e2bc6d90806415e9a0091207aa9e7f5319aa5df96e55f903ebacb8da2973b2cf0edb32fe6906698da05e07f8fee812b20cc27b186579e84c799ea3a5ac463eb4eef2bbca73ff7e527af83bb4bc63421108d58975c65bf5975ba166947ea0d5a7d61bb3bec8fd7b768a8a117c154917a6d7f10835d854926edad658661ac3da5fb84e6815f3944c557b095c384ef181c6e3200908f199e06f6c28b0510ccf50e8d06641510394d71a1d3d02e46a2b0896735a851e8265d7e14e1f2536ae322252b1d68b4f491d988f97b596bd8154216e1a2555812c1ab870817a1865202e70a2a59cf362b7b349b4d19d03920e8aaee6d178ee43ba212bd982067c8b35cf8f563a44582301756e49216984fc7b0eab6624a8aae76c5b4ab7c5873b5f2a47643b18b818296f6cc645c445061c32bd25c9d3a40fd6726434e23417d3700e8a2238d3a55a447c8dd4ff2fd1bfc2c6f467ae26e93dd0f524d823df90f98eccb98a697dce746c339c169f1cb2d94fc292dbf58a09bb0068eeef946a6262647dd5defbd0cd91b3dd615fd060a589bb8faeb94b23511e3c68913b2568c738dcbfa42d226385dc7ffe5dcd2c4fa538bb3911f7d335fe8aaf6bbb542c2c23ba21ae89c626b5ae38e578ada53603d0d6ddce4c50a6045e977d4aaea73da0b2c410e02c69d2ae91a37d8f4a6efc4614882aae2b9f7797a1ac0cdde8723c710c37b67a517f71725a077a9a0fb8fd69351ae1887954d04833b5b88a14262b238472acf6cd8f00c74979f5ee8b05817dab649b9b7696d886ef1416029743459fac6c73c16cad1e0c1001e39df6bf9b87f81f13874abda4e250586f9549364bad611ab0d452252c3613da3fe6e3895d507d4ccfc9dd7da56b53c72f8c5fc7aaaa,10.1.120.210:26468,1744297043,,2025-04-10
5555005a100c02f2303836343334313035313936373432339d327a32d99351898bbf5b2eebfd77e553aabf8d47e355e6ecf341a8d932a7a5fa59635381d2da7937efd0ed91901026a4cb74aca8354a209f7f2a2a3a54ae23aaaa,"{messagelength=90, protocolversion=100c, encryption=02, reserved=null, deviceid=864341051967423, frametype=3, framenumber=161, datalength=53, framestring=publish, rawdata=f00167f6ce8928464f54415f4d43555f4879627269645f474432303156312e312e3142343654303231382e6c707263000199ec0294, checksum=73811707, data={messagetype=240, messagestring=deviceRequest, messagesubtype=1, time=1744227977, messagesubstring=update, datanumber=null, position=null, rpm=null, speed=null, coolanttemperature=null, throttleposition=null, engineduty=null, intakeairflow=null, intakeairtemperature=null, intakeairpressure=null, batteryvoltage=null, fuellevelinput=null, distancesincedtc=null, mil=null, totalmileage=null, totalfuelconsumption=null, totaldrivingtime=null, seatbeltstatus=null, odometer=null, averagefuelconsumption=null, odometerunit=null, type=null, obdcount=null, obdcodes=null, ignitionontime=null, ignitiononposition=null, ignitionofftime=null, ignitionoffposition=null, distancesource=null, distance=null, fuelconsumption=null, maximumspeed=null, idletime=null, idlefuelconsumption=null, rapidaccelerationcount=null, rapiddecelerationcount=null, sharpturncount=null, hardwareversion=null, softwareversion=null, modemversion=null, value=null, speedbefore=null, speedafter=null, eventtime=null, eventtimems=null, collectiontime=null, collectiontimems=null, timeinterval=null, state=null, datacount=null, data=null, turn=null, longitudetype=null, longitude=null, latitudetype=null, latitude=null, protocol=null, length=null, vin=null, powerofftime=null, cellnumber=null, iccid=null, imsi=null, wifimac=null, bluetoothmac=null, ignitionstate=null, smstime=null, encoding=null, message=null, messageincomplete=null, force=null, messagesubtring=null, params=null, gear=null, motorspeed=null, batterypackcurrent=null, batterypackvoltage=null, wheelspeedfrontleft=null, wheelspeedrearleft=null, wheelspeedfrontright=null, wheelspeedrearright=null, stateofcharge=null, chargeminutesremaining=null, steerangle=null, highbeamstatus=null, turnsignalleft=null, turnsignalright=null, tirepressurefrontleft=null, tirepressurerearleft=null, tirepressurefrontright=null, tirepressurerearright=null, parkingbrakestatus=null, doorstatusdriver=null, doorstatuspassenger=null, trunkstatus=null, stateofhealth=null, seatbeltstatusdriver=null, seatbeltstatuspassenger=null, filename=FOTA_MCU_Hybrid_GD201V1.1.1B46T0218.lprc, filestartposition=104940, requestlength=660, namelength=null, status=null, act=null, mcc=null, mnc=null, tac=null, cellid=null, earfcn=null, rssi=null, registrationstatus=null, batteryvoltagehires=null}, protocolsemver=1.0.12, workmode=null, diagnostics=1111001000110000}",555502ca100c02000038363433343130353139363734323332b1d9533e6a1ad88ffacf70a56e0eb66ae70327d6350c0a4192ac3f970e5b24de2bb78ad3bd033053172d458d02959997bd6a455b92bbee0ef6f27640ff57104e68c8ca5794207f15b0e140fe1283d1fd9a6a6e5842ec8ae3a4cb01e1d807bd5bf07c7dc0549275830d73a859f9c073d47f1e9a8f7a02eeb3286d877dbbbdf700fdeecf978849798e8c3aa6e43917a2799f8180ff8e227337c83029e47e7a5a9b427eb5ece2a4f9b03234f9cde5a64ff0d961f32959aa22a7338c7c065fe68a9e0467bbfcb1cb340abfc4b1def972c0c71e57343b0a5e2e10ed7824799ee68975a9b666788064d97c8f95ceab89b668c3265d6e6ccca16d546c579028ddbf606b3cd582e917a5a924fbff72ea0e7fa28334160adb3c73189f85c64a76f6e80ddb47dd4da2e4752eb16cd340d558d981afe3dcc7aa26eec6a06d7d69a79ea25b028fe596b657050a365c770dc106f1f85709a5c538d6715b820ba1c1a1deb775bd84f0415d55fde468b026c36aa10104e5b6ca1daa19450aecbedc5c649fef1c3222c959d3f7315894186814f1780ec038aa7a7dd824567a50efaa8fee5f08bb174edadb1377b2032ea49d35156ff113604f379c51fd2ea788a8af6f923b15c985ee9dfab4c8fc3d60f291fea9f8c3fdc0bee6b1eae8df8ced08fadc0560624023b10a3a719c71a6130706db45401c1ca74c49e2c35244cb0d6cf95be7ed94fc861506bfce9cda262eae706cf96c5d4174af59df9916698143449b99468807622a1a31fdee339235fdc59aa887d464eb9e87eb328bb0d4b7ea097518d66497d5bade363476b2d2f5bcebef61fa080ca67d239270e2a8e3922afa987c8b32ecc2d756ff81e3a463c4581f1ff3433cdaeb69e3e4cfcf5d8790e69e747374f41e417db95c50243e53833c448f914f093006d56f804727c0e3e53ece4bac92581c93be14b6e7183df3f4616162edde5cee2eaaaa,10.1.135.191:10000,1744227979,,2025-04-09
5555003a100d02f2303836343334313035313932363835382a0e88c31c85a3479151b9820f1ca1f94cf27ff00d47b14574ac78690b8b0d85aaaa,"{messagelength=58, protocolversion=100d, encryption=02, reserved=null, deviceid=864341051926858, frametype=12, framenumber=23, datalength=10, framestring=pingreq, rawdata=67f74cd300810002050b, checksum=912507cf, data={messagetype=null, messagestring=null, messagesubtype=null, time=1744260307, messagesubstring=null, datanumber=null, position=null, rpm=0, speed=null, coolanttemperature=null, throttleposition=null, engineduty=null, intakeairflow=null, intakeairtemperature=null, intakeairpressure=null, batteryvoltage=12.9, fuellevelinput=null, distancesincedtc=null, mil=null, totalmileage=null, totalfuelconsumption=null, totaldrivingtime=null, seatbeltstatus=null, odometer=null, averagefuelconsumption=null, odometerunit=null, type=null, obdcount=null, obdcodes=null, ignitionontime=null, ignitiononposition=null, ignitionofftime=null, ignitionoffposition=null, distancesource=null, distance=null, fuelconsumption=null, maximumspeed=null, idletime=null, idlefuelconsumption=null, rapidaccelerationcount=null, rapiddecelerationcount=null, sharpturncount=null, hardwareversion=null, softwareversion=null, modemversion=null, value=null, speedbefore=null, speedafter=null, eventtime=null, eventtimems=null, collectiontime=null, collectiontimems=null, timeinterval=null, state=null, datacount=null, data=null, turn=null, longitudetype=null, longitude=null, latitudetype=null, latitude=null, protocol=null, length=null, vin=null, powerofftime=null, cellnumber=null, iccid=null, imsi=null, wifimac=null, bluetoothmac=null, ignitionstate=null, smstime=null, encoding=null, message=null, messageincomplete=null, force=null, messagesubtring=null, params=null, gear=null, motorspeed=null, batterypackcurrent=null, batterypackvoltage=null, wheelspeedfrontleft=null, wheelspeedrearleft=null, wheelspeedfrontright=null, wheelspeedrearright=null, stateofcharge=null, chargeminutesremaining=null, steerangle=null, highbeamstatus=null, turnsignalleft=null, turnsignalright=null, tirepressurefrontleft=null, tirepressurerearleft=null, tirepressurefrontright=null, tirepressurerearright=null, parkingbrakestatus=null, doorstatusdriver=null, doorstatuspassenger=null, trunkstatus=null, stateofhealth=null, seatbeltstatusdriver=null, seatbeltstatuspassenger=null, filename=null, filestartposition=null, requestlength=null, namelength=null, status=null, act=null, mcc=null, mnc=null, tac=null, cellid=null, earfcn=null, rssi=null, registrationstatus=null, batteryvoltagehires=12.91}, protocolsemver=1.0.13, workmode=null, diagnostics=1111001000110000}",5555002a100d020000383634333431303531393236383538a452eb6fd58b3b64123fb751e7562fbcaaaa,10.1.140.17:10000,1744260309,,2025-04-10
5555005a214d0260303836343334313035313837393235358b3d229f6ebca6d7025ef4651bb15a5ef9cd7e3eada55a3cf8163e86c91852406acdd32f6f6e0369b8aea5d0d91642d1d45317546f55eaebe51e7592eb0dcc47aaaa,"{messagelength=90, protocolversion=214d, encryption=02, reserved=null, deviceid=864341051879255, frametype=3, framenumber=345, datalength=53, framestring=publish, rawdata=f00167f6a10928464f54415f4d43555f4879627269645f474432303156312e312e3142343654303231382e6c70726300031a100294, checksum=2df7147f, data={messagetype=240, messagestring=deviceRequest, messagesubtype=1, time=1744216329, messagesubstring=update, datanumber=null, position=null, rpm=null, speed=null, coolanttemperature=null, throttleposition=null, engineduty=null, intakeairflow=null, intakeairtemperature=null, intakeairpressure=null, batteryvoltage=null, fuellevelinput=null, distancesincedtc=null, mil=null, totalmileage=null, totalfuelconsumption=null, totaldrivingtime=null, seatbeltstatus=null, odometer=null, averagefuelconsumption=null, odometerunit=null, type=null, obdcount=null, obdcodes=null, ignitionontime=null, ignitiononposition=null, ignitionofftime=null, ignitionoffposition=null, distancesource=null, distance=null, fuelconsumption=null, maximumspeed=null, idletime=null, idlefuelconsumption=null, rapidaccelerationcount=null, rapiddecelerationcount=null, sharpturncount=null, hardwareversion=null, softwareversion=null, modemversion=null, value=null, speedbefore=null, speedafter=null, eventtime=null, eventtimems=null, collectiontime=null, collectiontimems=null, timeinterval=null, state=null, datacount=null, data=null, turn=null, longitudetype=null, longitude=null, latitudetype=null, latitude=null, protocol=null, length=null, vin=null, powerofftime=null, cellnumber=null, iccid=null, imsi=null, wifimac=null, bluetoothmac=null, ignitionstate=null, smstime=null, encoding=null, message=null, messageincomplete=null, force=null, messagesubtring=null, params=null, gear=null, motorspeed=null, batterypackcurrent=null, batterypackvoltage=null, wheelspeedfrontleft=null, wheelspeedrearleft=null, wheelspeedfrontright=null, wheelspeedrearright=null, stateofcharge=null, chargeminutesremaining=null, steerangle=null, highbeamstatus=null, turnsignalleft=null, turnsignalright=null, tirepressurefrontleft=null, tirepressurerearleft=null, tirepressurefrontright=null, tirepressurerearright=null, parkingbrakestatus=null, doorstatusdriver=null, doorstatuspassenger=null, trunkstatus=null, stateofhealth=null, seatbeltstatusdriver=null, seatbeltstatuspassenger=null, filename=FOTA_MCU_Hybrid_GD201V1.1.1B46T0218.lprc, filestartposition=203280, requestlength=660, namelength=null, status=null, act=null, mcc=null, mnc=null, tac=null, cellid=null, earfcn=null, rssi=null, registrationstatus=null, batteryvoltagehires=null}, protocolsemver=2.5.13, workmode=null, diagnostics=0110000000110000}",555502ca214d0200003836343334313035313837393235357ee47f4aacb198398037caa2372e506e3853a3b030c54b9be8a92cfd42f64e4501a6344e34b43bb7dfc259727821e83394adf3298560a0e2c94296ea4f93041b274db1910459b47d45ba72fca8f5fe577844f851d840ae2ebb42a1e5e3294233d2b6ed5668218b379fbaad09df600a00790120ac8677124bb9a3cdbb207fac8b0ac9d25b53d3efbe3933e2c8c355c04ef6283c12d3188cd555180657812394b56655b597322a8c088a41a81f5ded2ca0b4c49605e04172592f121330a00b79a47dcc429eae3b37fca584f782a9f9500559714837edac97479a1c3b03e06009f4fcc2eb57ee752858207dc9d164d41376be25cd18ccba5300365c4cb51d543ab06bb6518f87c9a760db737615b40b848c3dde00bb1d22ea654493457a161cdab043d6fc6c56c671ea985433242cfa8923c1e6887ded1b8b53d284b9f87253fd938804a3949b9dba01d8e55a5806f78330e7a03f7252495bd79de8c8b81a53633c6e6a5fb3b5bb06a2c151670ba0ba49b48d1a999ec161584482e0995c544ab27ccb874de22bdae6f0fbb64e1cb3ca057b671ff9fe47270203bf8f1a54572cba9dda73ea85d945a964c1c23f345daab25a380da0bde281946205c128e084bc81ee77238e7ed14da89a5dbfbe641ad0b37a5293b0e8a1a2b6e5d330990fd9f44151db0205df6aa7240a5689c90508bc5477adedcc7aa14feb779e369c1d624fc2a33d9e9d619948578275f40b228f26b0ae7d5b721b1686916ac253fd26bbe8a3103fd3b3187bf542de87cdf56ed05d6ad2944f19ab0f3e48d67ada016f0e14e97c26c01c372a04e58e35993820fc08708aa4bdaf43aa956c8013cd3e0c2148dd7e90ebca4cb61878d83ad7142e8a8c5f52779a379e03cdd7a0c5861793ee4b76bee7de0469abaa4c5f3e183ffd560dc3d6ea82b5b529d6afa70b8c51b7abaf48ae8aa0d18f7e7ab0e39cc43c17952b23fbaaaa,10.1.133.76:10000,1744216330,,2025-04-09
5555004a214e0230003836343334313035313838393133307900e3394018399d87829da5b8143b613c866078f9e1cb188df79d958fd8bd24aa7033ad50409fe7d1dc1e3fee459badaaaa,"{messagelength=74, protocolversion=214e, encryption=02, reserved=null, deviceid=864341051889130, frametype=3, framenumber=1, datalength=35, framestring=publish, rawdata=040367f819b0007e0167f6c82d3c4fa483d3d036a94700000000d00700000002000025, checksum=b2a30e99, data={messagetype=4, messagestring=device, messagesubtype=3, time=1744312752, messagesubstring=wakeup, datanumber=null, position={time=1744226349, source=GPS, validity=0, longitudetype=west, latitudetype=north, numberofsatellites=4, height=194, longitude=86.3944, latitude=35.82279, gpsspeed=0.0, heading=0, pdop=1.3, hdop=0.7, vdop=0.0, hacc=2}, rpm=null, speed=null, coolanttemperature=null, throttleposition=null, engineduty=null, intakeairflow=null, intakeairtemperature=null, intakeairpressure=null, batteryvoltage=12.6, fuellevelinput=null, distancesincedtc=null, mil=null, totalmileage=null, totalfuelconsumption=null, totaldrivingtime=null, seatbeltstatus=null, odometer=null, averagefuelconsumption=null, odometerunit=null, type=1, obdcount=null, obdcodes=null, ignitionontime=null, ignitiononposition=null, ignitionofftime=null, ignitionoffposition=null, distancesource=null, distance=null, fuelconsumption=null, maximumspeed=null, idletime=null, idlefuelconsumption=null, rapidaccelerationcount=null, rapiddecelerationcount=null, sharpturncount=null, hardwareversion=null, softwareversion=null, modemversion=null, value=null, speedbefore=null, speedafter=null, eventtime=null, eventtimems=null, collectiontime=null, collectiontimems=null, timeinterval=null, state=null, datacount=null, data=null, turn=null, longitudetype=null, longitude=null, latitudetype=null, latitude=null, protocol=null, length=null, vin=null, powerofftime=null, cellnumber=null, iccid=null, imsi=null, wifimac=null, bluetoothmac=null, ignitionstate=null, smstime=null, encoding=null, message=null, messageincomplete=null, force=null, messagesubtring=null, params=null, gear=null, motorspeed=null, batterypackcurrent=null, batterypackvoltage=null, wheelspeedfrontleft=null, wheelspeedrearleft=null, wheelspeedfrontright=null, wheelspeedrearright=null, stateofcharge=null, chargeminutesremaining=null, steerangle=null, highbeamstatus=null, turnsignalleft=null, turnsignalright=null, tirepressurefrontleft=null, tirepressurerearleft=null, tirepressurefrontright=null, tirepressurerearright=null, parkingbrakestatus=null, doorstatusdriver=null, doorstatuspassenger=null, trunkstatus=null, stateofhealth=null, seatbeltstatusdriver=null, seatbeltstatuspassenger=null, filename=null, filestartposition=null, requestlength=null, namelength=null, status=null, act=null, mcc=null, mnc=null, tac=null, cellid=null, earfcn=null, rssi=null, registrationstatus=null, batteryvoltagehires=null}, protocolsemver=2.5.14, workmode=null, diagnostics=0011000000000000}",5555002a214e020000383634333431303531383839313330f3092325c243d8bb01650be52794becfaaaa,10.1.137.105:10000,1744312796,,2025-04-10
5555005a2147028703383634333431303531393331383538b1af9eef26b8410b9658ba6e059d87c6bccd5458ffc17b73d1a21508ee049f8a2b72ea7edf25db5dfa89939e5ad76d78937b72c0e413b21bd17873c3b1708508aaaa,"{messagelength=90, protocolversion=2147, encryption=02, reserved=null, deviceid=864341051931858, frametype=3, framenumber=194, datalength=53, framestring=publish, rawdata=f00167f59b8d28464f54415f4d43555f4879627269645f474432303156312e312e3142343654303231382e6c7072630001a6d00294, checksum=5c9416a0, data={messagetype=240, messagestring=deviceRequest, messagesubtype=1, time=1744149389, messagesubstring=update, datanumber=null, position=null, rpm=null, speed=null, coolanttemperature=null, throttleposition=null, engineduty=null, intakeairflow=null, intakeairtemperature=null, intakeairpressure=null, batteryvoltage=null, fuellevelinput=null, distancesincedtc=null, mil=null, totalmileage=null, totalfuelconsumption=null, totaldrivingtime=null, seatbeltstatus=null, odometer=null, averagefuelconsumption=null, odometerunit=null, type=null, obdcount=null, obdcodes=null, ignitionontime=null, ignitiononposition=null, ignitionofftime=null, ignitionoffposition=null, distancesource=null, distance=null, fuelconsumption=null, maximumspeed=null, idletime=null, idlefuelconsumption=null, rapidaccelerationcount=null, rapiddecelerationcount=null, sharpturncount=null, hardwareversion=null, softwareversion=null, modemversion=null, value=null, speedbefore=null, speedafter=null, eventtime=null, eventtimems=null, collectiontime=null, collectiontimems=null, timeinterval=null, state=null, datacount=null, data=null, turn=null, longitudetype=null, longitude=null, latitudetype=null, latitude=null, protocol=null, length=null, vin=null, powerofftime=null, cellnumber=null, iccid=null, imsi=null, wifimac=null, bluetoothmac=null, ignitionstate=null, smstime=null, encoding=null, message=null, messageincomplete=null, force=null, messagesubtring=null, params=null, gear=null, motorspeed=null, batterypackcurrent=null, batterypackvoltage=null, wheelspeedfrontleft=null, wheelspeedrearleft=null, wheelspeedfrontright=null, wheelspeedrearright=null, stateofcharge=null, chargeminutesremaining=null, steerangle=null, highbeamstatus=null, turnsignalleft=null, turnsignalright=null, tirepressurefrontleft=null, tirepressurerearleft=null, tirepressurefrontright=null, tirepressurerearright=null, parkingbrakestatus=null, doorstatusdriver=null, doorstatuspassenger=null, trunkstatus=null, stateofhealth=null, seatbeltstatusdriver=null, seatbeltstatuspassenger=null, filename=FOTA_MCU_Hybrid_GD201V1.1.1B46T0218.lprc, filestartposition=108240, requestlength=660, namelength=null, status=null, act=null, mcc=null, mnc=null, tac=null, cellid=null, earfcn=null, rssi=null, registrationstatus=null, batteryvoltagehires=null}, protocolsemver=2.5.7, workmode=null, diagnostics=1000011100000011}",555502ca2147020000383634333431303531393331383538eb30df5dddf4bd1ecb35c5b33314d61e3b36758ee3f1207e1478a8d61aa687859756b2d74e98d413838f75d122e10af71c2e5fc5fc373f357a092f8557c682aabe83eec6b4e95c18a5019ee4b594b9f4b2d8cade9e9f813352ef4765f64a59ded52ee66a2e8bf44c0f7e048c6c6b3e92701f4c68a230a69a0972111208d65cb35f3cb2373b9047cf5028cd90536c69c7511299c461953d6d3bf58a69af8456c8998f3cc4a6083519f041172e7d403fd139a91f29f276b76875b9fe33598587924f4125c552fab66d97e1beccc219d700fc856908bf4f532b1333ed93b7343e7dc4bd1b4eabdd72e18f0230697e1e5cd0964d83c5edb03c688ce76efb8223cc6ff6439d62c059224cb1bd94a1a30f65274465214468adf5aa5e5bcf8e5fe25ff7bb8209c89cb58823d2dd108c0cc7a21d52adc29e8488ffcac12638aadaa4edfc693b3c4af92b28a912e465ccc9d28847bcd6a2071d8159dacc75e077c3234570767ec94e4964699e60cee223dd9b6f1604a72f57276b9469054a9de24e61f7c6e4f716eff7cd53b11322e246714229434aca90f7bdbf8859ff6acb186ad41a33aec1b015faf45164899850af5dd0dcb1c221a3aa8f841a474e6d4b1a09eecd94e778f90da44f12cc6d52c2048256c764de9a792b15444a6f102e88d25b320af72a4c56d6021e39dcee0d97c02d32241bdc4d018ef3883017aa8847af4bfdbe69841db580ea3fef13dd596aba00fd77948415e9244b7a4cc0f428db78d7f8b514567ad15a02bba2f848626d73dbd9edb458de5c05b9a0a08900f3179659fe73e172afa49a6df8293275c3b999353e10dbcf5179c8b4339b059d217e620582f3fd0584bac81dc1351e1fcd79baaa708e928c0714cb0751b97b1da742183d007e269718fa1f08834ab18c97b32357e1ea44b0711b13a0f6a767143d04b853fcda4e4a87bbe4c06997e347244eb3debf8bd4aaaa,10.1.139.195:53651,1744149391,,2025-04-08
5555005a214d023000383634333431303531383931353234632c3c31a8fb6adaf8a3bd2da769a672095faa96174e4deb278c51397dd1073fedf1c0565d368506ec300544f86bb7b8cea52a8583ce5a2f78ab98d1cf826f6eaaaa,"{messagelength=90, protocolversion=214d, encryption=02, reserved=null, deviceid=864341051891524, frametype=3, framenumber=217, datalength=53, framestring=publish, rawdata=f00167f84b4628464f54415f4d43555f4879627269645f474432303156312e312e3142343654303231382e6c707263000227b80294, checksum=29a91534, data={messagetype=240, messagestring=deviceRequest, messagesubtype=1, time=1744325446, messagesubstring=update, datanumber=null, position=null, rpm=null, speed=null, coolanttemperature=null, throttleposition=null, engineduty=null, intakeairflow=null, intakeairtemperature=null, intakeairpressure=null, batteryvoltage=null, fuellevelinput=null, distancesincedtc=null, mil=null, totalmileage=null, totalfuelconsumption=null, totaldrivingtime=null, seatbeltstatus=null, odometer=null, averagefuelconsumption=null, odometerunit=null, type=null, obdcount=null, obdcodes=null, ignitionontime=null, ignitiononposition=null, ignitionofftime=null, ignitionoffposition=null, distancesource=null, distance=null, fuelconsumption=null, maximumspeed=null, idletime=null, idlefuelconsumption=null, rapidaccelerationcount=null, rapiddecelerationcount=null, sharpturncount=null, hardwareversion=null, softwareversion=null, modemversion=null, value=null, speedbefore=null, speedafter=null, eventtime=null, eventtimems=null, collectiontime=null, collectiontimems=null, timeinterval=null, state=null, datacount=null, data=null, turn=null, longitudetype=null, longitude=null, latitudetype=null, latitude=null, protocol=null, length=null, vin=null, powerofftime=null, cellnumber=null, iccid=null, imsi=null, wifimac=null, bluetoothmac=null, ignitionstate=null, smstime=null, encoding=null, message=null, messageincomplete=null, force=null, messagesubtring=null, params=null, gear=null, motorspeed=null, batterypackcurrent=null, batterypackvoltage=null, wheelspeedfrontleft=null, wheelspeedrearleft=null, wheelspeedfrontright=null, wheelspeedrearright=null, stateofcharge=null, chargeminutesremaining=null, steerangle=null, highbeamstatus=null, turnsignalleft=null, turnsignalright=null, tirepressurefrontleft=null, tirepressurerearleft=null, tirepressurefrontright=null, tirepressurerearright=null, parkingbrakestatus=null, doorstatusdriver=null, doorstatuspassenger=null, trunkstatus=null, stateofhealth=null, seatbeltstatusdriver=null, seatbeltstatuspassenger=null, filename=FOTA_MCU_Hybrid_GD201V1.1.1B46T0218.lprc, filestartposition=141240, requestlength=660, namelength=null, status=null, act=null, mcc=null, mnc=null, tac=null, cellid=null, earfcn=null, rssi=null, registrationstatus=null, batteryvoltagehires=null}, protocolsemver=2.5.13, workmode=null, diagnostics=0011000000000000}",555502ca214d020000383634333431303531383931353234d8a80b8f89faaec4b5b2c222c32183ed68feada54c2524b3089e61708885661d005e10aede8e7276adbc50307201e3d589644a365809a5e79060035c0da330e66ee27a3be0187507ff69990fb8e260b478f656c0ef49a761ef465a5e58fb5de4ddb91cb772787526d7270bd28472d3d192cc0282ae3864be2cce257e21cbdb4e631610517d581c544c3df0382a01bc53567084d9bd6840eeddf9632c667dec751101a3581208a67c371f8579f66d519c0389bcefd7c838cb98835fb0687a71d50411ef8f1cd77a930eebbf79e81b027ff02797ab27c8cc1b19d75f7f12adb2d45394daf6b583088a48d94e2133501ea177df0368834ff46683113316b1de1781d02c4cc3acd1da68eb401c36a3a2ff79843a99790443d491e2eefe48b55525b7c5a07247d3970b1481cccdcadcbba32b40669ac5cf5d1a59b8fe6e9041da095c035deb4f2066561ac35f263a1f4277bdb40d5566b1d264c79d45b58a390ea2e09777e388397ca3431b78921167da6a6fe44682c2d4d6308441403a7c7bf1089723049045bdad15edf74cd46f0858349e889f59576aeb54e20ae1ed17d7522a8aa24687fdafe00ce179163d97a05abdc53d52dcb494fa1e7f13f2ff10d518667df3de2c006fca9af2ac08bd682dc7e59b691516ce76c7cd34a0bbad5d3b9c6820dbee7f783ed74e85a6d3bc759def915653362055a3db9f0b5ec1305752e41ad6b9c4bf01e85b0048da3745d448d6c556517879ac0389b35984a12a7dcc092a4fcea498c456ead7c706fbd36f669e7522ef1ce63f02e6297f5cdb6edc8ae41d2c876137267816b0c71d89e7d8a8b45305b7edabec464e0104f99bf8479ad0b5ec792057f712b56bdc8471dca8da5d22d72f0d1685b016c4bc64a89dbec4551c93ecb362ccea93cca6dd45c81020c36b7bf11a7f1cd02346808659c49d34a8cac761b197a3980198366fe2852d10a1fb8faaaa,10.1.148.89:10000,1744325448,,2025-04-10
5555005a214d02703038363433343130353139363437333517a66e649a98dbfa85f2bcdf0dd8a1abf2f0b7ad8d563002683c9e6949ed2958ad147c82375a7e73026b311bf904d7ab77e9d9f25ec9122aebf7a024d752e4c1aaaa,"{messagelength=90, protocolversion=214d, encryption=02, reserved=null, deviceid=864341051964735, frametype=3, framenumber=81, datalength=53, framestring=publish, rawdata=f00167f6e54f28464f54415f4d43555f4879627269645f474432303156312e312e3142343654303231382e6c7072630000c9180294, checksum=4d1b15c2, data={messagetype=240, messagestring=deviceRequest, messagesubtype=1, time=1744233807, messagesubstring=update, datanumber=null, position=null, rpm=null, speed=null, coolanttemperature=null, throttleposition=null, engineduty=null, intakeairflow=null, intakeairtemperature=null, intakeairpressure=null, batteryvoltage=null, fuellevelinput=null, distancesincedtc=null, mil=null, totalmileage=null, totalfuelconsumption=null, totaldrivingtime=null, seatbeltstatus=null, odometer=null, averagefuelconsumption=null, odometerunit=null, type=null, obdcount=null, obdcodes=null, ignitionontime=null, ignitiononposition=null, ignitionofftime=null, ignitionoffposition=null, distancesource=null, distance=null, fuelconsumption=null, maximumspeed=null, idletime=null, idlefuelconsumption=null, rapidaccelerationcount=null, rapiddecelerationcount=null, sharpturncount=null, hardwareversion=null, softwareversion=null, modemversion=null, value=null, speedbefore=null, speedafter=null, eventtime=null, eventtimems=null, collectiontime=null, collectiontimems=null, timeinterval=null, state=null, datacount=null, data=null, turn=null, longitudetype=null, longitude=null, latitudetype=null, latitude=null, protocol=null, length=null, vin=null, powerofftime=null, cellnumber=null, iccid=null, imsi=null, wifimac=null, bluetoothmac=null, ignitionstate=null, smstime=null, encoding=null, message=null, messageincomplete=null, force=null, messagesubtring=null, params=null, gear=null, motorspeed=null, batterypackcurrent=null, batterypackvoltage=null, wheelspeedfrontleft=null, wheelspeedrearleft=null, wheelspeedfrontright=null, wheelspeedrearright=null, stateofcharge=null, chargeminutesremaining=null, steerangle=null, highbeamstatus=null, turnsignalleft=null, turnsignalright=null, tirepressurefrontleft=null, tirepressurerearleft=null, tirepressurefrontright=null, tirepressurerearright=null, parkingbrakestatus=null, doorstatusdriver=null, doorstatuspassenger=null, trunkstatus=null, stateofhealth=null, seatbeltstatusdriver=null, seatbeltstatuspassenger=null, filename=FOTA_MCU_Hybrid_GD201V1.1.1B46T0218.lprc, filestartposition=51480, requestlength=660, namelength=null, status=null, act=null, mcc=null, mnc=null, tac=null, cellid=null, earfcn=null, rssi=null, registrationstatus=null, batteryvoltagehires=null}, protocolsemver=2.5.13, workmode=null, diagnostics=0111000000110000}",555502ca214d020000383634333431303531393634373335f7f20f3ae926e66236ccfbec1328ee126a27e520bf8ec27b8bf2699f704e9fd25c7f851e6ee6e7b47b684136795a48888700ca197a04042b4e352d384ace6301eebcc6c4886e29650dd68a66204928b749269a8342fda634e86bc189c9d2078963902e7f7ac00828a7b5f99809725b7c1f3e0c0d2ac0128e5bd2fe7f696c474a78d0dd53464b45813dd2a6238fe35afe9ab3dada9b906be9122dc4b4f760603134188e82f0b2a1639fe29a3ee9c896d0c6cb1a965b39260c1e78aa7cc3a0a7b1f550794d9dca631a39c0196d67afa41bb8daa0f86ad4c3b850960cb7ffa3df47b520446f7fc241758a08ea94348ad5b4ae811c7af73079db54a756943e3ed7614ebf3d4b8c40eaf59131e33138372bea82eebd6430208c2b0f75c6e24cd4482df0f1006fb50e0410c554da6c68510c027e46b61e4714cd748216f9c8ae97d4fb0be940778bfb9a0d53c02a9c112847edf7db1e95124a6483182526e39fa285183c754bda832dae965ce883e751c9a3db076d0c063cf830e038ae2a4d06c1a9aa83ed132d59d9b8d8eb6161a177a278b77dfa23c1bbba8cad5a17b4d0f62955f9cc9bdd47de1a2141b33c61527a9722537d5a26ee0e70d7364e2c939b0c448e3a099b57f15d5a6e2a43865ece6a09d5ba9de01f2a642f3465e194f0804315066309b8300cd49d9805be7ead8008383d5e3876775c3f958d5007ed1f7ff2c4f855bcd19cad7d55b651708920583b9b6c58417550b58ad1eaa49c1678c3221941e1eff02fce85e83ec591de00aac0c87b64918a75f71541461588d862555349ec44907047337f3268c4c650b363802699a1eac8e6eb2457522abe2484ad43278b711abefc14917ee53b47f672140ca1cbe20b31e57276c1732d7c85074f2ddac40722019744fd85291fa7216a4b12ad139a1235ed6c7b63249bde99d31f1e8c90b551088370d65b05403a1f2fb6fdbe1158aaaa,10.1.131.131:10000,1744233810,,2025-04-09
5555004a214e0270303836343334313035313933313837346d21264e1eadd8ce6cbe39175f6364532e296fc4cc0b41675ed6db915fbcfe96bcf477344cf9ba2c0cee7e913b492ed9aaaa,"{messagelength=74, protocolversion=214e, encryption=02, reserved=null, deviceid=864341051931874, frametype=3, framenumber=32, datalength=34, framestring=publish, rawdata=040267f7ea71007b67f7ea723c4faa83d33836a92000011300f00800000001000026, checksum=d94c0f9a, data={messagetype=4, messagestring=device, messagesubtype=2, time=1744300657, messagesubstring=sleep, datanumber=null, position={time=1744300658, source=GPS, validity=0, longitudetype=west, latitudetype=north, numberofsatellites=4, height=197, longitude=86.39288, latitude=35.8224, gpsspeed=0.0, heading=275, pdop=1.5, hdop=0.8, vdop=0.0, hacc=1}, rpm=null, speed=null, coolanttemperature=null, throttleposition=null, engineduty=null, intakeairflow=null, intakeairtemperature=null, intakeairpressure=null, batteryvoltage=12.3, fuellevelinput=null, distancesincedtc=null, mil=null, totalmileage=null, totalfuelconsumption=null, totaldrivingtime=null, seatbeltstatus=null, odometer=null, averagefuelconsumption=null, odometerunit=null, type=null, obdcount=null, obdcodes=null, ignitionontime=null, ignitiononposition=null, ignitionofftime=null, ignitionoffposition=null, distancesource=null, distance=null, fuelconsumption=null, maximumspeed=null, idletime=null, idlefuelconsumption=null, rapidaccelerationcount=null, rapiddecelerationcount=null, sharpturncount=null, hardwareversion=null, softwareversion=null, modemversion=null, value=null, speedbefore=null, speedafter=null, eventtime=null, eventtimems=null, collectiontime=null, collectiontimems=null, timeinterval=null, state=null, datacount=null, data=null, turn=null, longitudetype=null, longitude=null, latitudetype=null, latitude=null, protocol=null, length=null, vin=null, powerofftime=null, cellnumber=null, iccid=null, imsi=null, wifimac=null, bluetoothmac=null, ignitionstate=null, smstime=null, encoding=null, message=null, messageincomplete=null, force=null, messagesubtring=null, params=null, gear=null, motorspeed=null, batterypackcurrent=null, batterypackvoltage=null, wheelspeedfrontleft=null, wheelspeedrearleft=null, wheelspeedfrontright=null, wheelspeedrearright=null, stateofcharge=null, chargeminutesremaining=null, steerangle=null, highbeamstatus=null, turnsignalleft=null, turnsignalright=null, tirepressurefrontleft=null, tirepressurerearleft=null, tirepressurefrontright=null, tirepressurerearright=null, parkingbrakestatus=null, doorstatusdriver=null, doorstatuspassenger=null, trunkstatus=null, stateofhealth=null, seatbeltstatusdriver=null, seatbeltstatuspassenger=null, filename=null, filestartposition=null, requestlength=null, namelength=null, status=null, act=null, mcc=null, mnc=null, tac=null, cellid=null, earfcn=null, rssi=null, registrationstatus=null, batteryvoltagehires=null}, protocolsemver=2.5.14, workmode=null, diagnostics=0111000000110000}",5555002a214e020000383634333431303531393331383734dead17e0f10470d549dd6d9e5d212502aaaa,10.1.173.187:10000,1744300660,,2025-04-10
5555005a214d0270303836343334313035313837333936391356bb6d58ec83cc9eb816bd369c2ea178275a9230cfe21a124f514d5184fadac3bf8ebd6f5cf8960aa23241ef59821f2ee0c86db2b336eaff446f3060bdcacaaaaa,"{messagelength=90, protocolversion=214d, encryption=02, reserved=null, deviceid=864341051873969, frametype=3, framenumber=21, datalength=53, framestring=publish, rawdata=f00167f6ea5828464f54415f4d43555f4879627269645f474432303156312e312e3142343654303231382e6c707263000030fc0294, checksum=44c315e7, data={messagetype=240, messagestring=deviceRequest, messagesubtype=1, time=1744235096, messagesubstring=update, datanumber=null, position=null, rpm=null, speed=null, coolanttemperature=null, throttleposition=null, engineduty=null, intakeairflow=null, intakeairtemperature=null, intakeairpressure=null, batteryvoltage=null, fuellevelinput=null, distancesincedtc=null, mil=null, totalmileage=null, totalfuelconsumption=null, totaldrivingtime=null, seatbeltstatus=null, odometer=null, averagefuelconsumption=null, odometerunit=null, type=null, obdcount=null, obdcodes=null, ignitionontime=null, ignitiononposition=null, ignitionofftime=null, ignitionoffposition=null, distancesource=null, distance=null, fuelconsumption=null, maximumspeed=null, idletime=null, idlefuelconsumption=null, rapidaccelerationcount=null, rapiddecelerationcount=null, sharpturncount=null, hardwareversion=null, softwareversion=null, modemversion=null, value=null, speedbefore=null, speedafter=null, eventtime=null, eventtimems=null, collectiontime=null, collectiontimems=null, timeinterval=null, state=null, datacount=null, data=null, turn=null, longitudetype=null, longitude=null, latitudetype=null, latitude=null, protocol=null, length=null, vin=null, powerofftime=null, cellnumber=null, iccid=null, imsi=null, wifimac=null, bluetoothmac=null, ignitionstate=null, smstime=null, encoding=null, message=null, messageincomplete=null, force=null, messagesubtring=null, params=null, gear=null, motorspeed=null, batterypackcurrent=null, batterypackvoltage=null, wheelspeedfrontleft=null, wheelspeedrearleft=null, wheelspeedfrontright=null, wheelspeedrearright=null, stateofcharge=null, chargeminutesremaining=null, steerangle=null, highbeamstatus=null, turnsignalleft=null, turnsignalright=null, tirepressurefrontleft=null, tirepressurerearleft=null, tirepressurefrontright=null, tirepressurerearright=null, parkingbrakestatus=null, doorstatusdriver=null, doorstatuspassenger=null, trunkstatus=null, stateofhealth=null, seatbeltstatusdriver=null, seatbeltstatuspassenger=null, filename=FOTA_MCU_Hybrid_GD201V1.1.1B46T0218.lprc, filestartposition=12540, requestlength=660, namelength=null, status=null, act=null, mcc=null, mnc=null, tac=null, cellid=null, earfcn=null, rssi=null, registrationstatus=null, batteryvoltagehires=null}, protocolsemver=2.5.13, workmode=null, diagnostics=0111000000110000}",555502ca214d020000383634333431303531383733393639c295402d4f5625129767756787ed7e51c527d9a948d1c699f0280d7e53c72638e585fb6ff180f97ac5146c5d4bfd1a6a2fd3e5acdbcb7750d003529a5e832ce4f7b41210006545322cb5d6f6ba3382483f83de8eb1b2bc7421feb2830db1b22fcb81ce782c7a1aaacd92fe47dd2cbdf0a3797ebf7197882160a55d1165263eb6f02a69f3da346856613046b10afc10bc6ad9bfe6198d28ce6891a1128bfd1ce426e9fb3d3b9c7f1b647c2b5bea2e31cb5d7743ae29006a2d48ccbceea30c2ab5b631b1c70f2d3444ebc68ac9119f85846b8c25dd844a6568fc2a0cde6ec402c93086bd93362b96452bf9ebfe2c2b4462a05161ffb4a9acfc777fef4978afcce9241b175a1761b4c95bdb4d172e8f361396803a81cda0439cdd5e5d6fbf129da49bc1f831e86c6c06a40bf609a697a6c31be000b1f9968533871bdb2e3bec1875242d707bf95e364ca2e7400b41238e50a93d610de6b4e3ec251c5b0a049ba5790fab00f84233d6fdaf75f7d7557edee75b3613ef14ac04e33dc9dcfed2bd79825251ece095693ef4ea1257ad597311353f0ee0c5ac9f34c0fb4e24e6cf03267f27747cc4b469f3e24e0cc4adba189140cd867623b302791bd1c1d80184a2af8ae5e56c0a5ee53e274a9deddc730c124fdc385af53e433bedcd9211dc8ab043e27a62ebd75161bc101f96ef37795100c05bad086677807e5a0cc194bc384cf6876486b950ebc0d81595ca631d93efbe9f0cd92a0b641f2d574b3a0c255483580bed0a2e1ae5591e75c551f5deaaf23710fa3757acd8b5189fb6fed0d4487b6b3f3c941787d5914637774f6793da8a5e16bf6d9e1a11005d29ec11a93c3ef32e3e9e544b53d762914da3c4a64a8938f1b3810e053b3ee8beef2ff7a06d3511a8665f3edb9404b2c9764b221ea7e397a4dca14d19b3edae40192205543904d14e6f6a7dd064487d8aa04fa91f52226c965faaaa,10.1.125.71:10000,1744235098,,2025-04-09
5555005a100c02f030383634333431303531383936373838b0262ce1e84a3a7c5b06bf60113e8b556020449e36ab2a78cd130a181be849ba57ba18f782ec6754641aeac76936b5876fce40d5a5056c7846f4117c9c2f4e3baaaa,"{messagelength=90, protocolversion=100c, encryption=02, reserved=null, deviceid=864341051896788, frametype=3, framenumber=213, datalength=53, framestring=publish, rawdata=f00167f6fc1228464f54415f4d43555f4879627269645f474432303156312e312e3142343654303231382e6c70726300021d680294, checksum=70d71600, data={messagetype=240, messagestring=deviceRequest, messagesubtype=1, time=1744239634, messagesubstring=update, datanumber=null, position=null, rpm=null, speed=null, coolanttemperature=null, throttleposition=null, engineduty=null, intakeairflow=null, intakeairtemperature=null, intakeairpressure=null, batteryvoltage=null, fuellevelinput=null, distancesincedtc=null, mil=null, totalmileage=null, totalfuelconsumption=null, totaldrivingtime=null, seatbeltstatus=null, odometer=null, averagefuelconsumption=null, odometerunit=null, type=null, obdcount=null, obdcodes=null, ignitionontime=null, ignitiononposition=null, ignitionofftime=null, ignitionoffposition=null, distancesource=null, distance=null, fuelconsumption=null, maximumspeed=null, idletime=null, idlefuelconsumption=null, rapidaccelerationcount=null, rapiddecelerationcount=null, sharpturncount=null, hardwareversion=null, softwareversion=null, modemversion=null, value=null, speedbefore=null, speedafter=null, eventtime=null, eventtimems=null, collectiontime=null, collectiontimems=null, timeinterval=null, state=null, datacount=null, data=null, turn=null, longitudetype=null, longitude=null, latitudetype=null, latitude=null, protocol=null, length=null, vin=null, powerofftime=null, cellnumber=null, iccid=null, imsi=null, wifimac=null, bluetoothmac=null, ignitionstate=null, smstime=null, encoding=null, message=null, messageincomplete=null, force=null, messagesubtring=null, params=null, gear=null, motorspeed=null, batterypackcurrent=null, batterypackvoltage=null, wheelspeedfrontleft=null, wheelspeedrearleft=null, wheelspeedfrontright=null, wheelspeedrearright=null, stateofcharge=null, chargeminutesremaining=null, steerangle=null, highbeamstatus=null, turnsignalleft=null, turnsignalright=null, tirepressurefrontleft=null, tirepressurerearleft=null, tirepressurefrontright=null, tirepressurerearright=null, parkingbrakestatus=null, doorstatusdriver=null, doorstatuspassenger=null, trunkstatus=null, stateofhealth=null, seatbeltstatusdriver=null, seatbeltstatuspassenger=null, filename=FOTA_MCU_Hybrid_GD201V1.1.1B46T0218.lprc, filestartposition=138600, requestlength=660, namelength=null, status=null, act=null, mcc=null, mnc=null, tac=null, cellid=null, earfcn=null, rssi=null, registrationstatus=null, batteryvoltagehires=null}, protocolsemver=1.0.12, workmode=null, diagnostics=1111000000110000}",555502ca100c0200003836343334313035313839363738386392efc842b1b5b949f304bda3e97204b0957b4cd43e08a858860e91f70e7363b45b65fa16ca563bf8d1a1ebeb7550322620214e50d6766765a059145acb2c42cfc0f1417a6f4cc3983ac627b97661b6c9b8c7986fec9154fc383c74428d65a25bce1ef4a5b63e2f97ad8c17f045c488026ac6669454ef0101138fd111a318d2857610503191667f32e197def76e5c186515b29bcb61ac76a8351d6ddc2ef99d355b71c07097390bdc2c38d63301b5347f7f0a31b8113d49d91b7d473a1ef9c198c3148576b02c9dc3752ef943bbcab05eea15018ba05b6ae27f68a2a23502ee66fdf802c313f33b84001ff9ffe14d2fe96ea83a484ef96abea2dc4176616c3be21787af803b4a750f881b748ab539392ee92fac14ed18ed321e3e8c634eec92fa911103d21436b90c9b03e3d497f483cb1eb954f1dbc14d618aba5e46e1522e99718af6decd548e34d882ad0a133675ef3bd532bf94b3e0ca6a759d70ac0bd8df282a7ea3e42266837d5677cfcc044bd4b844b106c9d5f9d005a726dc9df5978dbddebde9216604cb7a7106cd2e96173a23e03027b8bcbf53fb6de52e1162493d222be2f5aa38288e712a16c6133e4ce250bd49f2de7bd9dcf9f552061d7ece1871abbb7396662872402dfd8f1412ce99277f3c30f1b0fedefa47ace9af1c07397e8834b39e2b8d1f38e372d245148958619f19a8a636b9719f96871d41cbc579a44d7b25218afe7f667fd4f96684df73fc1a14b7c776f3eebb33499c26cae1aad1ad3b7027bb7bb95d6e830c32c46796c2bef45c778595c967e44fb9523e4d79020115e23c70c76dd212aacfbfc55bf28aa9c6a85fb3612190c20e23d97010d0fa5eb09ef3b8b855ef99af45924d9dc3b6cf6fad7286550bfe453d8e21ce0b28e9b2dc3d3bd0added2a8ac0d2ff35b7b0bf9d210b5633ddd4c69f2da5246faf3b786431fb446f01b57dc95b78923b9aaaa,10.1.129.28:10000,1744239636,,2025-04-09
5555005a214d023000383634333431303531393137303036e47710defef350d92833e8ccc436d08833def5b180c3b6ee4800a529b758339ab08cea03afd57178ec9f1ad006e71cfb6c566066125386986f4d27302f7f816faaaa,"{messagelength=90, protocolversion=214d, encryption=02, reserved=null, deviceid=864341051917006, frametype=3, framenumber=159, datalength=53, framestring=publish, rawdata=f00167f83fe728464f54415f4d43555f4879627269645f474432303156312e312e3142343654303231382e6c70726300018d080294, checksum=36e9153e, data={messagetype=240, messagestring=deviceRequest, messagesubtype=1, time=1744322535, messagesubstring=update, datanumber=null, position=null, rpm=null, speed=null, coolanttemperature=null, throttleposition=null, engineduty=null, intakeairflow=null, intakeairtemperature=null, intakeairpressure=null, batteryvoltage=null, fuellevelinput=null, distancesincedtc=null, mil=null, totalmileage=null, totalfuelconsumption=null, totaldrivingtime=null, seatbeltstatus=null, odometer=null, averagefuelconsumption=null, odometerunit=null, type=null, obdcount=null, obdcodes=null, ignitionontime=null, ignitiononposition=null, ignitionofftime=null, ignitionoffposition=null, distancesource=null, distance=null, fuelconsumption=null, maximumspeed=null, idletime=null, idlefuelconsumption=null, rapidaccelerationcount=null, rapiddecelerationcount=null, sharpturncount=null, hardwareversion=null, softwareversion=null, modemversion=null, value=null, speedbefore=null, speedafter=null, eventtime=null, eventtimems=null, collectiontime=null, collectiontimems=null, timeinterval=null, state=null, datacount=null, data=null, turn=null, longitudetype=null, longitude=null, latitudetype=null, latitude=null, protocol=null, length=null, vin=null, powerofftime=null, cellnumber=null, iccid=null, imsi=null, wifimac=null, bluetoothmac=null, ignitionstate=null, smstime=null, encoding=null, message=null, messageincomplete=null, force=null, messagesubtring=null, params=null, gear=null, motorspeed=null, batterypackcurrent=null, batterypackvoltage=null, wheelspeedfrontleft=null, wheelspeedrearleft=null, wheelspeedfrontright=null, wheelspeedrearright=null, stateofcharge=null, chargeminutesremaining=null, steerangle=null, highbeamstatus=null, turnsignalleft=null, turnsignalright=null, tirepressurefrontleft=null, tirepressurerearleft=null, tirepressurefrontright=null, tirepressurerearright=null, parkingbrakestatus=null, doorstatusdriver=null, doorstatuspassenger=null, trunkstatus=null, stateofhealth=null, seatbeltstatusdriver=null, seatbeltstatuspassenger=null, filename=FOTA_MCU_Hybrid_GD201V1.1.1B46T0218.lprc, filestartposition=101640, requestlength=660, namelength=null, status=null, act=null, mcc=null, mnc=null, tac=null, cellid=null, earfcn=null, rssi=null, registrationstatus=null, batteryvoltagehires=null}, protocolsemver=2.5.13, workmode=null, diagnostics=0011000000000000}",555502ca214d02000038363433343130353139313730303619c16bb5c5be8deeec454ac08b4b6da8251b944f7f74aa2910376da72a9ba44b1dad1dbb5abe09b119416269343c4f5fce624f0549d04ab46b6b5a727b8eaed9fd7144f8551f3abec235228df5a4837fb438ce9d9a1b11d7124d8de45834bd7751eaa70e27c27f74d319fab20fd644b879dab39f5af21b5893bebe3cf869e94b6a8696aa91d80729b26da5a0abd54c06c288c07fe9658ceb2e82cf3ede4d37a116e948dc753afe35ff9e977a4ec388324e2c0b315510d3640b7750eda57f7f2ed54591af324e3bac843692f5747cbc2bcd5fd6f1e074632553b92567ac356c5c36a602ece1cfc18e4e17a28a673b6713833ed139cd4581be5fe6ba74ea018a539602646016d64a26540d2cdeb15e3179309a0a6ff6d097dfc9c21ca57f298babedd39ea53e47f9fb02b4603ee8de0555262b3f4a8e72d32b5151dfa68bea32ef0c6e118fe665586ce05ca8e66674339a8fc5b90e4925d0a31557de4ca48ff03ca717483085553a66f13765ba49836f10f6e5a573c22f51fdc0b53b6539f07f3a8de8423fe3ef0d6f7292e0ac3de011d94dd7cd35bd28c6e8913c64c45cad2a83268e26d1103ede3629d683aa6482aa6fd0b17c9e815fb108a28eb724e2d197cf236407e7d28fe2a724088e87406a26b408b37309e46c39de4aa4b7ba7f3616581e8119463999b5a00c0140646d7d7ec62b5d285271fee7543e1105f84a9d17b15ad05020ba42af3bd82d8efd122d3538347a0918f51133697024ea51cfae4219c27c2b8aaadcfaeb254664cf5270f939f2df910892d63eef4005a5ab4c00ce1f613817be309a2c19f0915cad31df7ea163500caf9aa6c5f5958525d327b22e0df26ac48502eeaf755dd5ffe1f6bc234bf98a4d98cf1ce26ff432c31a9e749f1a6dfcd068dcc048471d64ea2d03cc51c95b345e54cbab430123dc37cb35f1e719ecde8d757d44bee6b4cccc5b0eda15f8aaaa,10.1.148.95:10000,1744322536,,2025-04-10
5555005a100c02f230383634333431303531393637343233bc166260d4f9da3271800c150fb400a153aabf8d47e355e6ecf341a8d932a7a5fa59635381d2da7937efd0ed91901026b18e7c4106016f8a3e70c69e06443ac4aaaa,"{messagelength=90, protocolversion=100c, encryption=02, reserved=null, deviceid=864341051967423, frametype=3, framenumber=171, datalength=53, framestring=publish, rawdata=f00167f6ce9b28464f54415f4d43555f4879627269645f474432303156312e312e3142343654303231382e6c7072630001b3b40294, checksum=78d11705, data={messagetype=240, messagestring=deviceRequest, messagesubtype=1, time=1744227995, messagesubstring=update, datanumber=null, position=null, rpm=null, speed=null, coolanttemperature=null, throttleposition=null, engineduty=null, intakeairflow=null, intakeairtemperature=null, intakeairpressure=null, batteryvoltage=null, fuellevelinput=null, distancesincedtc=null, mil=null, totalmileage=null, totalfuelconsumption=null, totaldrivingtime=null, seatbeltstatus=null, odometer=null, averagefuelconsumption=null, odometerunit=null, type=null, obdcount=null, obdcodes=null, ignitionontime=null, ignitiononposition=null, ignitionofftime=null, ignitionoffposition=null, distancesource=null, distance=null, fuelconsumption=null, maximumspeed=null, idletime=null, idlefuelconsumption=null, rapidaccelerationcount=null, rapiddecelerationcount=null, sharpturncount=null, hardwareversion=null, softwareversion=null, modemversion=null, value=null, speedbefore=null, speedafter=null, eventtime=null, eventtimems=null, collectiontime=null, collectiontimems=null, timeinterval=null, state=null, datacount=null, data=null, turn=null, longitudetype=null, longitude=null, latitudetype=null, latitude=null, protocol=null, length=null, vin=null, powerofftime=null, cellnumber=null, iccid=null, imsi=null, wifimac=null, bluetoothmac=null, ignitionstate=null, smstime=null, encoding=null, message=null, messageincomplete=null, force=null, messagesubtring=null, params=null, gear=null, motorspeed=null, batterypackcurrent=null, batterypackvoltage=null, wheelspeedfrontleft=null, wheelspeedrearleft=null, wheelspeedfrontright=null, wheelspeedrearright=null, stateofcharge=null, chargeminutesremaining=null, steerangle=null, highbeamstatus=null, turnsignalleft=null, turnsignalright=null, tirepressurefrontleft=null, tirepressurerearleft=null, tirepressurefrontright=null, tirepressurerearright=null, parkingbrakestatus=null, doorstatusdriver=null, doorstatuspassenger=null, trunkstatus=null, stateofhealth=null, seatbeltstatusdriver=null, seatbeltstatuspassenger=null, filename=FOTA_MCU_Hybrid_GD201V1.1.1B46T0218.lprc, filestartposition=111540, requestlength=660, namelength=null, status=null, act=null, mcc=null, mnc=null, tac=null, cellid=null, earfcn=null, rssi=null, registrationstatus=null, batteryvoltagehires=null}, protocolsemver=1.0.12, workmode=null, diagnostics=1111001000110000}",555502ca100c02000038363433343130353139363734323309964a06bd5233560107971e9eff4e6b328dda9396a8cb8d5705a2f95e5b67b71961787074fac4485908f5c703a60b35ece2e26e3896b816f1c1cb434d6486e0411f4b3c5bf7d0b35adb5cb685f6d76003d6dbd30a85b5e187b6bbb25a4acf56fe32986c9a4fce3a8d3e415c0d512e5c4b0a7dbd2252aeac38e910f2c447a3791dadbccd1f24b03ef972422ff409659680038b0f860ad573626d8d820299bad6285f66d20635ad0a4928f1241679f240c1b38023cdb76ff5b20d7117207ec91854a24988fc4a36758945b143cfe9e75773614d1073ddd17a8f111ca1841cc68c146f8bd8f0e15aef729e14cbbcccb996b398f476e6349a728d32e6e0f8ac7d75b7d772a127a778862d8002873607afbd3310c69888dfe584ebc212562de7ecb95818a49bceb369eb34b07801335bbf0a5cec6a7b8ef66c0a2917ca1a24cfdfada726d1fa4f10577fe11e3007c977bd4a9fb82c0bbb5578ae947cb20589b99dff62f6be05a2e2196a58564717afa05b7fff9fb7ca90529099fc407d41c51bbdebdbecdbdada136991c1adab80f27ed9ac21921146144510e3e48f1386c3f142ce1196ba8a5aea9814caa8f60a82027721a5289d3547bb4abdf1bf93b712674446407440351ac0e388fdc8aba6bd2a5fb657d97e63c7ae0835dfb93fd3b70ef8f2f34b54f70bd0363afcf6ac3e75fdc4ab4f9783e9893591d29123d2bb4b9117084d174d4aa219f921d81b14127bc8af39f90da642eda7754e60298619058561d7b25ae58bf964edca2b4da57c0d3a3f255b0b8a62a6acb09be699b65e4f8263e47c15d56df7f409e61b1b16fdeeda78898f571ecdad10dd2780bce46b79c57004c5a13f5c87fcc7fb71cbd67c5d8b543b2680d4792b4413a3302b6477321eb4d6b2e2c26157eaa36062dacc87bca17d493c9494777a8a32defbd5aa716945d44d4ffb12ef637fc03b88b64525386113ddaaaa,10.1.135.191:10000,1744227996,,2025-04-09
5555003a100d02d230383634333431303531383937313734f59b8eac2694d43379445591f01e3a43827e91f3c435e95d28f12ec4d47ae57aaaaa,"{messagelength=58, protocolversion=100d, encryption=02, reserved=null, deviceid=864341051897174, frametype=12, framenumber=14, datalength=10, framestring=pingreq, rawdata=67fb4f2a008fff02059d, checksum=8d0f08a1, data={messagetype=null, messagestring=null, messagesubtype=null, time=1744523050, messagesubstring=null, datanumber=null, position=null, rpm=null, speed=null, coolanttemperature=null, throttleposition=null, engineduty=null, intakeairflow=null, intakeairtemperature=null, intakeairpressure=null, batteryvoltage=14.3, fuellevelinput=null, distancesincedtc=null, mil=null, totalmileage=null, totalfuelconsumption=null, totaldrivingtime=null, seatbeltstatus=null, odometer=null, averagefuelconsumption=null, odometerunit=null, type=null, obdcount=null, obdcodes=null, ignitionontime=null, ignitiononposition=null, ignitionofftime=null, ignitionoffposition=null, distancesource=null, distance=null, fuelconsumption=null, maximumspeed=null, idletime=null, idlefuelconsumption=null, rapidaccelerationcount=null, rapiddecelerationcount=null, sharpturncount=null, hardwareversion=null, softwareversion=null, modemversion=null, value=null, speedbefore=null, speedafter=null, eventtime=null, eventtimems=null, collectiontime=null, collectiontimems=null, timeinterval=null, state=null, datacount=null, data=null, turn=null, longitudetype=null, longitude=null, latitudetype=null, latitude=null, protocol=null, length=null, vin=null, powerofftime=null, cellnumber=null, iccid=null, imsi=null, wifimac=null, bluetoothmac=null, ignitionstate=null, smstime=null, encoding=null, message=null, messageincomplete=null, force=null, messagesubtring=null, params=null, gear=null, motorspeed=null, batterypackcurrent=null, batterypackvoltage=null, wheelspeedfrontleft=null, wheelspeedrearleft=null, wheelspeedfrontright=null, wheelspeedrearright=null, stateofcharge=null, chargeminutesremaining=null, steerangle=null, highbeamstatus=null, turnsignalleft=null, turnsignalright=null, tirepressurefrontleft=null, tirepressurerearleft=null, tirepressurefrontright=null, tirepressurerearright=null, parkingbrakestatus=null, doorstatusdriver=null, doorstatuspassenger=null, trunkstatus=null, stateofhealth=null, seatbeltstatusdriver=null, seatbeltstatuspassenger=null, filename=null, filestartposition=null, requestlength=null, namelength=null, status=null, act=null, mcc=null, mnc=null, tac=null, cellid=null, earfcn=null, rssi=null, registrationstatus=null, batteryvoltagehires=14.37}, protocolsemver=1.0.13, workmode=null, diagnostics=1101001000110000}",5555002a100d020000383634333431303531383937313734a7a6faf899c04333456051bc3d9f7303aaaa,10.1.133.195:10000,1744523052,,2025-04-13
5555005a214d023000383634333431303531393538373934aee340337e792649c6bbca12907e155623b3a2394f46b814617186038682b77dc9cad32d1d4690f220d5f32789eed97a7b4a3ae0bd9bcced6c5ae9be8e7b3eedaaaa,"{messagelength=90, protocolversion=214d, encryption=02, reserved=null, deviceid=864341051958794, frametype=3, framenumber=285, datalength=53, framestring=publish, rawdata=f00167f559d728464f54415f4d43555f4879627269645f474432303156312e312e3142343654303231382e6c7072630002d7080294, checksum=21ce1522, data={messagetype=240, messagestring=deviceRequest, messagesubtype=1, time=1744132567, messagesubstring=update, datanumber=null, position=null, rpm=null, speed=null, coolanttemperature=null, throttleposition=null, engineduty=null, intakeairflow=null, intakeairtemperature=null, intakeairpressure=null, batteryvoltage=null, fuellevelinput=null, distancesincedtc=null, mil=null, totalmileage=null, totalfuelconsumption=null, totaldrivingtime=null, seatbeltstatus=null, odometer=null, averagefuelconsumption=null, odometerunit=null, type=null, obdcount=null, obdcodes=null, ignitionontime=null, ignitiononposition=null, ignitionofftime=null, ignitionoffposition=null, distancesource=null, distance=null, fuelconsumption=null, maximumspeed=null, idletime=null, idlefuelconsumption=null, rapidaccelerationcount=null, rapiddecelerationcount=null, sharpturncount=null, hardwareversion=null, softwareversion=null, modemversion=null, value=null, speedbefore=null, speedafter=null, eventtime=null, eventtimems=null, collectiontime=null, collectiontimems=null, timeinterval=null, state=null, datacount=null, data=null, turn=null, longitudetype=null, longitude=null, latitudetype=null, latitude=null, protocol=null, length=null, vin=null, powerofftime=null, cellnumber=null, iccid=null, imsi=null, wifimac=null, bluetoothmac=null, ignitionstate=null, smstime=null, encoding=null, message=null, messageincomplete=null, force=null, messagesubtring=null, params=null, gear=null, motorspeed=null, batterypackcurrent=null, batterypackvoltage=null, wheelspeedfrontleft=null, wheelspeedrearleft=null, wheelspeedfrontright=null, wheelspeedrearright=null, stateofcharge=null, chargeminutesremaining=null, steerangle=null, highbeamstatus=null, turnsignalleft=null, turnsignalright=null, tirepressurefrontleft=null, tirepressurerearleft=null, tirepressurefrontright=null, tirepressurerearright=null, parkingbrakestatus=null, doorstatusdriver=null, doorstatuspassenger=null, trunkstatus=null, stateofhealth=null, seatbeltstatusdriver=null, seatbeltstatuspassenger=null, filename=FOTA_MCU_Hybrid_GD201V1.1.1B46T0218.lprc, filestartposition=186120, requestlength=660, namelength=null, status=null, act=null, mcc=null, mnc=null, tac=null, cellid=null, earfcn=null, rssi=null, registrationstatus=null, batteryvoltagehires=null}, protocolsemver=2.5.13, workmode=null, diagnostics=0011000000000000}",555502ca214d020000383634333431303531393538373934175e271a93b0606b7ab88ce564c47895a32c69305af91b788415b2aeacfa80e30f5875ca723e96b3c99d4663fc9de7e47cb63e8d42728ebe6f9e79ceaeafcd1375303a4bd5f0ba5e7e54c6eb4a773472f6c2624c7429504f7766ecf8529b832234af48b3a9c62b51ee2f36ee42832691d44f9adbf7a53940e65fce643f16e8c5565bce9ae2e9040110e659f91c4144d373ae0b4e092dd2321c1055a54472b3b462917a89a790259452f3d92aea6d85e48a8fae138daddc557204d6cf53a0d9e312eea032dd751d59c24077cab554a02a22f6ed1b00d4b4509f4f02f26355b23919c51c30ff5771bf2ff08ec517fde70033d52b8f2201bbf0176ebe1f885f453630616be552abbaf55797f0121cd43310a0fd63ceeee3f96a25181886565aecff9c24587ee81294621f2ebaaf51f3ea682cf4082fddb2f7b21e0c1c595bc8f61aa6a9c8f281eb109e0d300423e25bd08614a38a5eea0c567fef843fb007e1adb574f0e246245b155fe5bdb988572aec3b276e4d6dd896c9ac8d5670e8c05a3c8132f2a5767e520bc5678bc5f15546da2b6806dd2e105a63d90e87e8669e5c7e75b526eed5d62bd3be999cc768bd2b891fcfff487c9df9b4f9bb8a75eef659db5c02032bb334e1c834af045ae1d63748b0021dd95e27737492d927c8934f2cd5a2ca5bc51648942284331ad75e01386fbf9df2d28db09305d7f6f53b92ad161d4ada953eb40e5e8b042db2f610e0b47fa1d6a9638a4bfa778cf6e1d7459f159b4f06dd29b1b5d9987afb6763711c1d6218b1ff6db8f2238e15fb863d6e2dd03fe05cd3963f50594601178a486d442e99725251445f30aab073dcd849497fff27faf7fdd1e43a1c9109135282b2ba906b457020f81bddfeb163e31d66a62db0df2bbc49479df3cc18e8bec072b26550fef742c58f690c02a368d23004ee58ed0e9e1670a2fbbbddd7921f1d6a6334e5270aaaaa,10.1.139.249:10000,1744132569,,2025-04-08
